Workbook

Sheet Modelo dominio anémico contexto

Sheet Listado Objetos de Dominio
A1: Subdominio/Contexto: | B1: Cliente
A2: Nombre | B2: Descripción | C2: Tipo | D2: Contexto
A3: Departamento | B3: Indica el departamento al que pertenece la ciudad donde reside el cliente | C3: Propio | D3: Cliente
A4: Ciudad | B4: Se refiere a la ciudad donde reside el cliente y/o donde está ubicado su negocio | C4: Propio | D4: Cliente
A5: Cliente | B5: Describe al usuario que realiza las solicitudes de cotización en la aplicación | C5: Propio | D5: Cliente
A6: Negocio | B6: Se refiere al negocio que ha registrado el cliente en la aplicación | C6: Propio | D6: Cliente
A7: Sede | B7: Se refiere a la o las sedes/sucursales que posee el negocio del cliente | C7: Propio | D7: Cliente
A8: Colaborador | B8: Indica a un usuario externo encargado de ayudar al cliente con las solicitudes de cotización | C8: Propio | D8: Cliente
A9: Solicitud cotización | B9: Se refiere al documento que diligencia el cliente solicitando la cotización de ciertos productos a los proveedores | C9: Propio | D9: Cliente
A10: Producto | B10: Indica el producto que se crea en la solicitud de cotización | C10: Propio | D10: Cliente
A11: Cotización | B11: Se refiere a la respuesta que da el proveedor a la solicitud de cotización del cliente | C11: Referenciado | D11: Proveedor

Sheet Valores
A1: Tipo Objeto Dominio
A2: Tipo | B2: Descripción
A3: Propio | B3: Cuando el objeto de dominio es parte del contexto actual
A4: Referenciado | B4: Cuando el objeto de dominio es parte de otro contexto

Sheet Departamento
A1: <-Volver al inicio
A2: Objeto de Dominio: | B2: ='Listado Objetos de Dominio'!$A$3 -> Departamento
A3: Descripción: | B3: ='Listado Objetos de Dominio'!$B$3 -> Indica el departamento al que pertenece la ciudad donde reside el cliente
A4: Atributo | B4: Tipo de Dato | C4: Longitud mínima | D4: Longitud máxima | E4: Precisión | F4: Rango Inicial | G4: Rango Final | H4: Formato | I4: Valor por defecto | J4: Regla especial | K4: ¿Auto generado? | L4: ¿Calculado? | M4: ¿Obligatorio? | N4: ¿Sensible? | O4: ¿Identifica al registro? | P4: Descripción | Q4: =A16 -> Consultar | R4: =A17 -> 0 | S4: =A18 -> 0 | T4: =A19 -> 0
A5: Codigo | B5: Entero | F5: Mayor que 0 | K5: Si | L5: No | M5: Si | N5: No | O5: Si | P5: Atributo que representa el código que identifica a un departamento determinado y asegura que sea único.
A6: Nombre | B6: Texto | C6: 1 | D6: 50 | H6: Solo letras y espacios | K6: No | L6: No | M6: Si | P6: Atributo que representa el nombre que se le asigna a un departamento determinado.
A10: Combinaciones únicas
A11: Nombre combinación | B11: Descripción | C11: Atributos
A14: Responsabilidad | C14: Descripción | G14: Entradas | J14: Salida | O14: Políticas (Reglas de Negocio) | Q14: Excepción
G15: Parámetro | H15: Tipo de dato | I15: Descripción | J15: Tipo de Dato | K15: Descripción | O15: Política | P15: Descripción | Q15: Detalle | R15: ¿Qué hago?
A16: Consultar | C16: Servicio de negocio que permite consultar la información de los departamentos. | I16: Una entidad de tipo Departamento, que contendrá los filtros de consulta permitidos de acuerdo al requisito de información. | K16: Un listado con la información de todos los departamentos que cumplen con los parámetros de filtrado recibidos. | O16: N/A | Q16: N/A

Sheet Ciudad
A1: <-Volver al inicio
A2: Objeto de Dominio: | B2: ='Listado Objetos de Dominio'!$A$4 -> Ciudad
A3: Descripción: | B3: ='Listado Objetos de Dominio'!$B$4 -> Se refiere a la ciudad donde reside el cliente y/o donde está ubicado su negocio
A4: Atributo | B4: Tipo de Dato | C4: Longitud mínima | D4: Longitud máxima | E4: Precisión | F4: Rango Inicial | G4: Rango Final | H4: Formato | I4: Valor por defecto | J4: Regla especial | K4: ¿Auto generado? | L4: ¿Calculado? | M4: ¿Obligatorio? | N4: ¿Sensible? | O4: ¿Identifica al registro? | P4: Descripción | Q4: =A16 -> Consultar | R4: =#REF! -> #REF! | S4: =#REF! -> #REF! | T4: =#REF! -> #REF!
A5: Codigo | B5: Número entero | F5: Mayo que 0 | K5: Si | L5: No | M5: Si | N5: No | O5: Si
A6: Nombre | B6: Texto | C6: 1 | D6: 50 | H6: Solo letras y espacios | K6: No | L6: No | M6: Si | N6: No
A7: Departamento | B7: Departamento | J7: Aplican las reglas definidas en el requisito de información propio de Departamento | M7: Si
A10: Combinaciones únicas
A11: Nombre combinación | B11: Descripción | C11: Atributos
A14: Responsabilidad | C14: Descripción | G14: Entradas | J14: Salida | O14: Políticas (Reglas de Negocio) | Q14: Excepción
G15: Parámetro | H15: Tipo de dato | I15: Descripción | J15: Tipo de Dato | K15: Descripción | O15: Política | P15: Descripción | Q15: Detalle | R15: ¿Qué hago?
A16: Consultar | C16: Servicio de negocio que permite consultar la información de las ciudades. | I16: Una entidad de tipo Ciudad, que contendrá los filtros de consulta permitidos de acuerdo al requisito de información. | K16: Un listado con la información de todas las ciudades que cumplen con los parámetros de filtrado recibidos.

Sheet Cliente
A1: <-Volver al inicio
A2: Objeto de Dominio: | B2: ='Listado Objetos de Dominio'!$A$5 -> Cliente
A3: Descripción: | B3: ='Listado Objetos de Dominio'!$B$5 -> Describe al usuario que realiza las solicitudes de cotización en la aplicación
A4: Atributo | B4: Tipo de Dato | C4: Longitud mínima | D4: Longitud máxima | E4: Precisión | F4: Rango Inicial | G4: Rango Final | H4: Formato | I4: Valor por defecto | J4: Regla especial | K4: ¿Auto generado? | L4: ¿Calculado? | M4: ¿Obligatorio? | N4: ¿Sensible? | O4: ¿Identifica al registro? | P4: Descripción | Q4: =A18 -> Registrar | R4: =A19 -> Actualizar datos | S4: =A20 -> Consultar | T4: =A21 -> Eliminar
A5: Id | B5: Alfanumerico | C5: 1 | H5: Letras, números y simbolos | K5: Si | L5: No | M5: Si | O5: Si | P5: Id del cliente, el cual es único
A6: Nombre | B6: Texto | C6: 1 | D6: 50 | H6: Letras y espacios | M6: Si | P6: Nombre del cliente
A7: Apellido | B7: Texto | C7: 1 | D7: 50 | H7: Letras y espacios | M7: Si | P7: Apellido del cliente
A8: Correo | B8: Alfanumerico | C8: 1 | D8: 20 | J8: Debe contener el caracter "@" para ser valido | K8: No | L8: No | M8: Si | P8: Correo electronico del cliente
A9: Contraseña | B9: Alfanumerico | C9: 8 | D9: 12 | J9: Debe contener al menos: una mayuscula, un número y un carácter especial' | K9: No | L9: No | M9: Si | N9: Si | P9: Contraseña que asigna el cliente para acceder a la aplicación
A10: Ciudad | B10: Ciudad | J10: Aplica la regla de negocio establecida en el dominio de Ciudad | P10: Ciudad de residencia del cliente
A12: Combinaciones únicas
A13: Nombre combinación | B13: Descripción | C13: Atributos
A16: Responsabilidad | C16: Descripción | G16: Entradas | J16: Salida | O16: Políticas (Reglas de Negocio) | Q16: Excepción
G17: Parámetro | H17: Tipo de dato | I17: Descripción | J17: Tipo de Dato | K17: Descripción | O17: Política | P17: Descripción | Q17: Detalle | R17: ¿Qué hago?
A18: Registrar | C18: Servicio de negocio que permite registrar un cliente a la aplicacion | I18: Información del usuario a registrarse | K18: Mensaje de confirmación de registro exitoso del cliente en la aplicacion | P18: No puede haber 2 clientes con la misma informacion de registro en la aplicacion
A19: Actualizar datos | C19: Servicio de negocio que permite editar/actualizar la informacion del cliente
A20: Consultar | C20: Servicio de negocio que permite consultar la información del cliente
A21: Eliminar | C21: Servicio de negocio que permite eliminar la cuenta e información del cliente
A22: Login | C22: Servicio que permite al cliente iniciar sesión
A23: Adquirir plan de suscripción | C23: Servicio que permite al cliente elegir uno de los planes de pago para acceder a todas las funciones de la aplicación
A24: Realiza solicitud de cotizacion | C24: Servicio de negocio que permite al cliente realizar una solicitud de cotizacion de diferentes productos a los proveedores | P24: El cliente no puede crear mas de una solicitud de cotizacion igual a otra
A25: Invitar colaborador | C25: Servicio de negocio que permite al cliente invitar a un usuario externo para solicitar la ayuda en la realización y análisis de las cotizaciones
A26: Aceptar cotizacion | C26: Servicio que permite al cliente realizar la confirmación y aceptación de la cotizacion enviada por el proveedor
A27: Cambiar contraseña | C27: Servicio de negocio que permite al cliente cambiar/restablecer la contraseña de su cuenta
A28: Crear producto | C28: Servicio de negocio qye permite al cliente crear un nuevo producto en la aplicacion
A29: Editar producto | C29: Servicio de negocio que permite a un cliente editar la informacion de un producto existente
A30: Consultar producto | C30: Servicio de negocio que permite consultar los productos existentes en la aplicacion
A31: Eliminar producto | C31: Servicio de negocio que permite eliminar un producto existente

Sheet Negocio
A1: <-Volver al inicio
A2: Objeto de Dominio: | B2: ='Listado Objetos de Dominio'!$A$6 -> Negocio
A3: Descripción: | B3: ='Listado Objetos de Dominio'!$B$6 -> Se refiere al negocio que ha registrado el cliente en la aplicación
A4: Atributo | B4: Tipo de Dato | C4: Longitud mínima | D4: Longitud máxima | E4: Precisión | F4: Rango Inicial | G4: Rango Final | H4: Formato | I4: Valor por defecto | J4: Regla especial | K4: ¿Auto generado? | L4: ¿Calculado? | M4: ¿Obligatorio? | N4: ¿Sensible? | O4: ¿Identifica al registro? | P4: Descripción | Q4: =A17 -> Registrar | R4: =A18 -> Actualizar datos | S4: =A19 -> Consultar | T4: =A20 -> Eliminar
A5: Nit | B5: Alfanumerico | C5: 1 | D5: 15 | H5: Letras y numeros | K5: Si | L5: No | M5: Si | O5: Si | P5: Numero de identificación del negocio, el cual es único
A6: Nombre | B6: Texto | C6: 1 | D6: 50 | H6: Letras y espacios | M6: Si | P6: Nombre del negocio
A7: Descripcion | B7: Texto | C7: 1 | D7: 50 | H7: Letras y espacios | M7: Si | P7: Descripcion breve del negocio
A8: Dirección | B8: Alfanumerico | C8: 1 | D8: 20 | H8: Letras y espacios | K8: No | L8: No | M8: Si | P8: Direccion de ubicacion del negocio
A9: Cliente | B9: Cliente | J9: Aplican las reglas definidas en la entidad Cliente
A11: Combinaciones únicas
A12: Nombre combinación | B12: Descripción | C12: Atributos
A15: Responsabilidad | C15: Descripción | G15: Entradas | J15: Salida | O15: Políticas (Reglas de Negocio) | Q15: Excepción
G16: Parámetro | H16: Tipo de dato | I16: Descripción | J16: Tipo de Dato | K16: Descripción | O16: Política | P16: Descripción | Q16: Detalle | R16: ¿Qué hago?
A17: Registrar | C17: Servicio de negocio que permite registrar la informacion del negocio que pertenece al cliente | K17: Mensaje de confirmacion exitoso de actualizacion del negocio
A18: Actualizar datos | C18: Servicio de negocio que permite actualizar los datos del negocio de un cliente
A19: Consultar | C19: Servicio de negocio que permite consultar un negocio existente en el sistema
A20: Eliminar | C20: Servicio de negocio que permite dar de baja a un negocio existente

Sheet Sede
A1: <-Volver al inicio
A2: Objeto de Dominio: | B2: ='Listado Objetos de Dominio'!$A$7 -> Sede
A3: Descripción: | B3: ='Listado Objetos de Dominio'!$B$7 -> Se refiere a la o las sedes/sucursales que posee el negocio del cliente
A4: Atributo | B4: Tipo de Dato | C4: Longitud mínima | D4: Longitud máxima | E4: Precisión | F4: Rango Inicial | G4: Rango Final | H4: Formato | I4: Valor por defecto | J4: Regla especial | K4: ¿Auto generado? | L4: ¿Calculado? | M4: ¿Obligatorio? | N4: ¿Sensible? | O4: ¿Identifica al registro? | P4: Descripción | Q4: =A17 -> Crear | R4: =A18 -> Actualizar datos | S4: =A19 -> consultar | T4: =A20 -> eliminar
A5: Codigo | B5: numero entero | C5: 1 | D5: 15 | H5: Letras y numeros | K5: Si | L5: No | M5: Si | O5: Si | P5: Numero de identificación de la sede, el cual es único
A6: Nombre | B6: Texto | C6: 1 | D6: 50 | H6: Letras y espacios | K6: No | L6: No | M6: Si | P6: Nombre de la sede
A7: Ciudad | B7: Ciudad
A8: Direccion | B8: Alfanumerico | C8: 1 | D8: 20 | H8: Letras y espacios | K8: No | L8: No | M8: Si | P8: Direccion de ubicacion de la sede
A9: Negocio | B9: Negocio | J9: Aplica la regla de negocio establecida en el dominio de Negocio
A11: Combinaciones únicas
A12: Nombre combinación | B12: Descripción | C12: Atributos
A15: Responsabilidad | C15: Descripción | G15: Entradas | J15: Salida | O15: Políticas (Reglas de Negocio) | Q15: Excepción
G16: Parámetro | H16: Tipo de dato | I16: Descripción | J16: Tipo de Dato | K16: Descripción | O16: Política | P16: Descripción | Q16: Detalle | R16: ¿Qué hago?
A17: Crear | C17: Servicio de negocio que permite registrar un nueva sede que pertenece al negocio del cliente | I17: Campos correspondientes a la informacion de la sede que el cliente desea editar | K17: Mensaje de confirmacion exitoso de actualizacion de la sede
A18: Actualizar datos | C18: Servicio que permite actualizar la informacion de una sede existente
A19: consultar | C19: Servicio que permite consultar las sede existentes en la aplicacion
A20: eliminar | C20: Servicio que permite eliminar una sede existente

Sheet Colaborador
A1: <-Volver al inicio
A2: Objeto de Dominio: | B2: ='Listado Objetos de Dominio'!$A$8 -> Colaborador
A3: Descripción: | B3: ='Listado Objetos de Dominio'!$B$8 -> Indica a un usuario externo encargado de ayudar al cliente con las solicitudes de cotización
A4: Atributo | B4: Tipo de Dato | C4: Longitud mínima | D4: Longitud máxima | E4: Precisión | F4: Rango Inicial | G4: Rango Final | H4: Formato | I4: Valor por defecto | J4: Regla especial | K4: ¿Auto generado? | L4: ¿Calculado? | M4: ¿Obligatorio? | N4: ¿Sensible? | O4: ¿Identifica al registro? | P4: Descripción | Q4: =A16 -> Invitar | R4: =#REF! -> #REF! | S4: =#REF! -> #REF! | T4: =#REF! -> #REF!
A5: Identificacion | B5: Alfanumerico | C5: 1 | D5: 15 | H5: Letras y numeros | K5: Si | L5: No | M5: Si | O5: Si | P5: Numero de identificación del colaborador, el cual es único
A6: Correo | B6: Alfanumerico | C6: 1 | D6: 20 | J6: Debe contener el caracter "@" para ser valido | K6: No | L6: No | M6: Si | P6: Correo electronico del colaborador
A7: Cliente | B7: Cliente | J7: Aplica la regla de negocio establecida en el dominio de Cliente | K7: No | L7: No | M7: Si
A8: Estado de invitacion | B8: Texto | I8: Pendiente | P8: Estado de la invitacion por parte del cliente (pendiente, aceptada, rechazada)
A10: Combinaciones únicas
A11: Nombre combinación | B11: Descripción | C11: Atributos
A14: Responsabilidad | C14: Descripción | G14: Entradas | J14: Salida | O14: Políticas (Reglas de Negocio) | Q14: Excepción
G15: Parámetro | H15: Tipo de dato | I15: Descripción | J15: Tipo de Dato | K15: Descripción | O15: Política | P15: Descripción | Q15: Detalle | R15: ¿Qué hago?
A16: Invitar | C16: Servicio de negocio que permite al cliente invitar a un colaborador para que le ayude en la realizacion de las solicitudes de cotizacion. | I16: Campo de correo electronico para enviar la invitacion al colaborador | K16: Mensaje de confirmacion exitoso del envío de la invitacion al colaborador

Sheet Solicitud Cotizacion
A1: <-Volver al inicio
A2: Objeto de Dominio: | B2: ='Listado Objetos de Dominio'!$A$9 -> Solicitud cotización
A3: Descripción: | B3: ='Listado Objetos de Dominio'!$B$9 -> Se refiere al documento que diligencia el cliente solicitando la cotización de ciertos productos a los proveedores
A4: Atributo | B4: Tipo de Dato | C4: Longitud mínima | D4: Longitud máxima | E4: Precisión | F4: Rango Inicial | G4: Rango Final | H4: Formato | I4: Valor por defecto | J4: Regla especial | K4: ¿Auto generado? | L4: ¿Calculado? | M4: ¿Obligatorio? | N4: ¿Sensible? | O4: ¿Identifica al registro? | P4: Descripción | Q4: =A19 -> crear | R4: =A20 -> editar | S4: =A21 -> consultar | T4: =A22 -> eliminar
A5: Codigo | B5: Alfanumerico | C5: 1 | D5: 15 | H5: Letras y numeros | K5: Si | L5: No | M5: Si | O5: Si | P5: Numero de identificación de la solicitud de cotizacion, el cual es único
A6: Fecha de creacion | B6: Fecha | C6: 1 | D6: 20 | K6: No | L6: No | M6: Si | P6: Fecha de creacion de la solicitud de cotizacion
A7: Fecha limite de respuesta | B7: Fecha | C7: 1 | D7: 20 | H7: Letras y espacios | K7: No | L7: No | M7: Si | P7: Fecha limite de respuesta de la solicitud de cotizacion
A8: Estado de solicitud | B8: Texto | I8: Pendiente | P8: Estado de la solicitud de cotizacion
A9: Cliente | B9: Cliente | J9: Aplica la regla de negocio establecida en el dominio de Cliente
A10: Sede | B10: Sede | J10: Aplica la regla de negocio establecida en el dominio de Sede
A11: Producto | B11: Producto | J11: Aplica la regla de negocio establecidad en el dominio de Producto
A13: Combinaciones únicas
A14: Nombre combinación | B14: Descripción | C14: Atributos
A17: Responsabilidad | C17: Descripción | G17: Entradas | J17: Salida | O17: Políticas (Reglas de Negocio) | Q17: Excepción
G18: Parámetro | H18: Tipo de dato | I18: Descripción | J18: Tipo de Dato | K18: Descripción | O18: Política | P18: Descripción | Q18: Detalle | R18: ¿Qué hago?
A19: crear | C19: Servicio de negocio que permite crear una nueva solicitud de cotización
A20: editar | C20: Servicio que permite editar la información de una solicitud existente
A21: consultar | C21: Servicio que permite consultar las solicitudes de cotizacion realizadas y sus estados
A22: eliminar | C22: servicio que permite eliminar una solicitud de cotizacion existente
A23: Publicar | C23: Servicio que permite publicar una cotización en la plataforma para ser vista por los proveedores

Sheet Producto
A1: <-Volver al inicio
A2: Objeto de Dominio: | B2: ='Listado Objetos de Dominio'!$A$10 -> Producto
A3: Descripción: | B3: ='Listado Objetos de Dominio'!$B$10 -> Indica el producto que se crea en la solicitud de cotización
A4: Atributo | B4: Tipo de Dato | C4: Longitud mínima | D4: Longitud máxima | E4: Precisión | F4: Rango Inicial | G4: Rango Final | H4: Formato | I4: Valor por defecto | J4: Regla especial | K4: ¿Auto generado? | L4: ¿Calculado? | M4: ¿Obligatorio? | N4: ¿Sensible? | O4: ¿Identifica al registro? | P4: Descripción | Q4: =A17 -> 0 | R4: =A18 -> 0 | S4: =A19 -> 0 | T4: =A20 -> 0
A5: codigo | B5: numero entero | C5: 1 | D5: 15 | H5: Letras y numeros | K5: Si | L5: No | M5: Si | O5: Si | P5: Numero de identificación del producto, el cual es único
A6: Nombre | B6: Alfanumerico | C6: 1 | D6: 50 | K6: No | L6: No | M6: Si | P6: Nombre del producto
A7: Cantidad | B7: Numerico | K7: No | L7: No | M7: Si | P7: Cantidad de producto
A8: Unidad de medida | B8: Alfanumerico | C8: 1 | D8: 20 | K8: No | L8: No | M8: Si | P8: Unidad de medida del producto
A9: Descripcion | B9: Texto | K9: No | L9: No | M9: No | P9: Breve descripcion del producto
A11: Combinaciones únicas
A12: Nombre combinación | B12: Descripción | C12: Atributos
A15: Responsabilidad | C15: Descripción | G15: Entradas | J15: Salida | O15: Políticas (Reglas de Negocio) | Q15: Excepción
G16: Parámetro | H16: Tipo de dato | I16: Descripción | J16: Tipo de Dato | K16: Descripción | O16: Política | P16: Descripción | Q16: Detalle | R16: ¿Qué hago?

Sheet Cotizacion
A1: <-Volver al inicio
A2: Objeto de Dominio: | B2: ='Listado Objetos de Dominio'!$A$11 -> Cotización
A3: Descripción: | B3: ='Listado Objetos de Dominio'!$B$11 -> Se refiere a la respuesta que da el proveedor a la solicitud de cotización del cliente
A4: Atributo | B4: Tipo de Dato | C4: Longitud mínima | D4: Longitud máxima | E4: Precisión | F4: Rango Inicial | G4: Rango Final | H4: Formato | I4: Valor por defecto | J4: Regla especial | K4: ¿Auto generado? | L4: ¿Calculado? | M4: ¿Obligatorio? | N4: ¿Sensible? | O4: ¿Identifica al registro? | P4: Descripción | Q4: =A18 -> Crear cotización | R4: =A19 -> Consultar | S4: =A20 -> Editar | T4: =#REF! -> #REF!
A5: codigo | B5: numero entero | C5: 1 | D5: 15 | H5: Letras y numeros | K5: Si | L5: No | M5: Si | O5: Si | P5: Numero de identificación del producto, el cual es único
A6: Fecha de emision | B6: Fecha | H6: Letras y espacios | K6: No | L6: No | M6: Si | P6: Fecha en que se genera la cotizacion
A7: Fecha de expiracion | B7: Fecha | K7: No | L7: No | M7: Si | P7: Fecha limite hasta la cual la cotizacion es valida
A8: Descripcion | B8: Alfanumerico | K8: No | L8: No | M8: No | P8: Breve descripcion de la cotizacion en la que se incluye informacion sobre descuentos, metodos de pago
A9: Tiempo de entrega | B9: Fecha | P9: Fecha en que se entregarian los productos solicitados al cliente
A10: Solicitud de cotizacion | B10: Solicitud de cotizacion | J10: Aplica la regla de negocio establecida en el dominio de Solicitud de cotizacion
A12: Combinaciones únicas
A13: Nombre combinación | B13: Descripción | C13: Atributos
A16: Responsabilidad | C16: Descripción | G16: Entradas | J16: Salida | O16: Políticas (Reglas de Negocio) | Q16: Excepción
G17: Parámetro | H17: Tipo de dato | I17: Descripción | J17: Tipo de Dato | K17: Descripción | O17: Política | P17: Descripción | Q17: Detalle | R17: ¿Qué hago?
A18: Crear cotización | C18: Servicio que permite crear una cotización a partir de una solicitud de cotización
A19: Consultar | C19: Servicio que permite consultar las cotizaciones existentes
A20: Editar | C20: Servicio que permite editar una cotización existente
