Workbook

Sheet MER

Sheet Entidades
A1: Entidad | B1: Desripción
A2: Departamento | B2: Entidad que contiene la información que indica el departamento al que pertenece la ciudad donde reside el cliente
A3: Ciudad | B3: Entidad que contiene la información de la ciudad donde reside el cliente y/o donde está ubicado su negocio
A4: Cliente | B4: Entidad que contiene la información del usuario que realiza las solicitudes de cotización en la aplicación
A5: Colaborador | B5: Entidad que contiene la información de un usuario externo encargado de ayudar al cliente con las solicitudes de cotización
A6: Negocio | B6: Entidad que contiene la información del negocio que ha registrado el cliente en la aplicación
A7: Sede | B7: Entidad que contiene la información de la o las sedes/sucursales que posee el negocio del cliente
A8: Solicitud de Cotizacion | B8: Entidad que contiene la información del documento que diligencia el cliente solicitando la cotización de ciertos productos a los proveedores
A9: Producto | B9: Entidad que contiene la información del producto que se crea en la solicitud de cotización
A10: Cotizacion | B10: Entidad que contiene la información de la respuesta que da el proveedor a la solicitud de cotización del cliente

Sheet Departamento
A1: <-Volver al inicio
A2: =Entidades!$A$1 -> Entidad | B2: =Entidades!A2 -> Departamento
A3: =Entidades!$B$1 -> Desripción | B3: =Entidades!B2 -> Entidad que contiene la información que indica el departamento al que pertenece la ciudad donde reside el cliente
A4: Atributos
A5: Nombre | B5: Tipo de dato | C5: Longitud | D5: Cantidad dígitos parte entera | E5: Cantidad dígitos parte decimal (Precisión) | F5: ¿Es autoincremento? | G5: ¿Es obligatorio? | H5: ¿Es llave primeria o es parte de ella? | I5: Llave Foránea | L5: Restricciones de unicidad | N5: Restricciones de chequeo | P5: Restricciones de índice | S5: Alias | T5: Descripción del campo
I6: ¿Es llave foránea? | J6: Entidad | K6: Columna(s) | L6: ¿Posee restricción de unicidad o es parte de ella? | M6: Nombre restricción unicidad a la que pertenece | N6: ¿Posee restricción de chequeo o es parte de ella? | O6: Nombre restricción chequeo a la que pertenece | P6: ¿Posee restricción de índice o es parte de ella? | Q6: Tipo | R6: Nombre restricción índice a la que pertenece
A7: codigo_dpto | B7: INT | C7: N/A | D7: N/A | E7: N/A | F7: NO | G7: SI | H7: SI | I7: NO | L7: SI | M7: PK_Departamento | N7: NO | O7: N/A | P7: SI | Q7: ASC | R7: PK_Departamento | T7: Código único que identifica cada departamento en el sistema.
A8: nombre | B8: VARCHAR | C8: 50 | D8: N/A | E8: N/A | F8: NO | G8: SI | H8: NO | I8: NO | L8: SI | M8: UQ_NombreDepartamento | N8: NO | O8: N/A | P8: SI | Q8: ASC | R8: NO | T8: Nombre del departamento, el cual debe ser único en el sistema.

Sheet Valores
A1: Relación | B1: Tipo relación | C1: Estado | D1: TipoIndice
A2: Necesita de | B2: Asociación | C2: SI | D2: ASC
A3: Es usada por | C3: NO | D3: DESC

Sheet Ciudad
A1: <-Volver al inicio
A2: =Entidades!$A$1 -> Entidad | B2: =Entidades!A3 -> Ciudad
A3: =Entidades!$B$1 -> Desripción | B3: =Entidades!B3 -> Entidad que contiene la información de la ciudad donde reside el cliente y/o donde está ubicado su negocio
A4: Atributos
A5: Nombre | B5: Tipo de dato | C5: Longitud | D5: Cantidad dígitos parte entera | E5: Cantidad dígitos parte decimal (Precisión) | F5: ¿Es autoincremento? | G5: ¿Es obligatorio? | H5: ¿Es llave primeria o es parte de ella? | I5: Llave Foránea | L5: Restricciones de unicidad | N5: Restricciones de chequeo | P5: Restricciones de índice | S5: Alias | T5: Descripción del campo
I6: ¿Es llave foránea? | J6: Entidad | K6: Columna(s) | L6: ¿Posee restricción de unicidad o es parte de ella? | M6: Nombre restricción unicidad a la que pertenece | N6: ¿Posee restricción de chequeo o es parte de ella? | O6: Nombre restricción chequeo a la que pertenece | P6: ¿Posee restricción de índice o es parte de ella? | Q6: Tipo | R6: Nombre restricción índice a la que pertenece
A7: codigo_ciudad | B7: INT | C7: N/A | D7: N/A | E7: N/A | F7: NO | G7: SI | H7: SI | I7: NO | L7: SI | M7: UQ_CodigoCiudad | N7: NO | P7: SI | Q7: ASC | R7: IDX_CodigoCiudad_ASC | T7: Código único que identifica cada ciudad en el sistema.
A8: codigo_dpto | B8: INT | C8: N/A | D8: N/A | E8: N/A | F8: NO | G8: SI | H8: NO | I8: SI | J8: Departamento | K8: codigo_dpto | L8: NO | N8: NO | P8: SI | Q8: ASC | R8: IDX_CodigoDptoCiudad_ASC | T8: Código del departamento al que pertenece la ciudad.
A9: nombre | B9: VARCHAR | C9: 50 | D9: N/A | E9: N/A | F9: NO | G9: SI | H9: NO | I9: NO | L9: SI | M9: UQ_NombreCiudad | N9: NO | P9: SI | Q9: ASC | R9: IDX_NombreCiudad_ASC | T9: Nombre de la ciudad.

Sheet Cliente
A1: <-Volver al inicio
A2: =Entidades!$A$1 -> Entidad | B2: =Entidades!A4 -> Cliente
A3: =Entidades!$B$1 -> Desripción | B3: =Entidades!B4 -> Entidad que contiene la información del usuario que realiza las solicitudes de cotización en la aplicación
A4: Atributos
A5: Nombre | B5: Tipo de dato | C5: Longitud | D5: Cantidad dígitos parte entera | E5: Cantidad dígitos parte decimal (Precisión) | F5: ¿Es autoincremento? | G5: ¿Es obligatorio? | H5: ¿Es llave primeria o es parte de ella? | I5: Llave Foránea | L5: Restricciones de unicidad | N5: Restricciones de chequeo | P5: Restricciones de índice | S5: Alias | T5: Descripción del campo
I6: ¿Es llave foránea? | J6: Entidad | K6: Columna(s) | L6: ¿Posee restricción de unicidad o es parte de ella? | M6: Nombre restricción unicidad a la que pertenece | N6: ¿Posee restricción de chequeo o es parte de ella? | O6: Nombre restricción chequeo a la que pertenece | P6: ¿Posee restricción de índice o es parte de ella? | Q6: Tipo | R6: Nombre restricción índice a la que pertenece
A7: id | B7: VARCHAR | C7: N/A | D7: N/A | E7: N/A | F7: NO | G7: SI | H7: SI | I7: NO | L7: SI | M7: UQ_IdentificacionCliente | N7: NO | P7: SI | Q7: ASC | R7: IDX_IdentificacionCliente_ASC | T7: Identificación única del cliente.
A8: nombre | B8: VARCHAR | C8: 50 | D8: N/A | E8: N/A | F8: NO | G8: SI | H8: NO | I8: NO | L8: NO | N8: NO | P8: SI | Q8: ASC | R8: IDX_NombreCliente_ASC | T8: Nombre del cliente.
A9: apellido | B9: VARCHAR | C9: 50 | D9: N/A | E9: N/A | F9: NO | G9: SI | H9: NO | I9: NO | L9: NO | N9: NO | P9: SI | Q9: ASC | R9: IDX_ApellidoCliente_ASC | T9: Apellido del cliente.
A10: correo | B10: VARCHAR | C10: 50 | D10: N/A | E10: N/A | F10: NO | G10: SI | H10: NO | I10: NO | L10: SI | M10: UQ_CorreoCliente | N10: NO | P10: SI | Q10: ASC | R10: IDX_CorreoCliente_ASC | T10: Correo electrónico del cliente.
A11: contraseña | B11: VARCHAR | C11: 12 | D11: N/A | E11: N/A | F11: NO | G11: SI | H11: NO | I11: NO | L11: NO | N11: NO | P11: SI | Q11: ASC | R11: IDX_ContraseñaCliente_ASC | T11: Contraseña del cliente para el inicio de sesión.
A12: codigo_ciudad | B12: CIUDAD | C12: N/A | D12: N/A | E12: N/A | F12: NO | G12: SI | H12: NO | I12: SI | J12: Ciudad | K12: codigo_ciudad | L12: NO | N12: NO | P12: SI | Q12: ASC | R12: IDX_CodigoCiudadCliente_ASC | T12: Código de la ciudad donde reside el cliente.

Sheet Colaborador
A1: <-Volver al inicio
A2: =Entidades!$A$1 -> Entidad | B2: =Entidades!A5 -> Colaborador
A3: =Entidades!$B$1 -> Desripción | B3: =Entidades!B5 -> Entidad que contiene la información de un usuario externo encargado de ayudar al cliente con las solicitudes de cotización
A4: Atributos
A5: Nombre | B5: Tipo de dato | C5: Longitud | D5: Cantidad dígitos parte entera | E5: Cantidad dígitos parte decimal (Precisión) | F5: ¿Es autoincremento? | G5: ¿Es obligatorio? | H5: ¿Es llave primeria o es parte de ella? | I5: Llave Foránea | L5: Restricciones de unicidad | N5: Restricciones de chequeo | P5: Restricciones de índice | S5: Alias | T5: Descripción del campo
I6: ¿Es llave foránea? | J6: Entidad | K6: Columna(s) | L6: ¿Posee restricción de unicidad o es parte de ella? | M6: Nombre restricción unicidad a la que pertenece | N6: ¿Posee restricción de chequeo o es parte de ella? | O6: Nombre restricción chequeo a la que pertenece | P6: ¿Posee restricción de índice o es parte de ella? | Q6: Tipo | R6: Nombre restricción índice a la que pertenece
A7: identificacion | B7: INT | C7: N/A | D7: N/A | E7: N/A | F7: NO | G7: SI | H7: SI | I7: NO | L7: SI | M7: UQ_identificacion_colaborador | N7: NO | P7: SI | Q7: ASC | R7: IDX_identificacion_colaborador | T7: Identificación única del colaborador.
A8: cliente | B8: CLIENTE | C8: N/A | D8: N/A | E8: N/A | F8: NO | G8: SI | H8: NO | I8: SI | J8: cliente | K8: identificacion | L8: NO | N8: NO | P8: SI | Q8: ASC | R8: IDX_identificacion_cliente_colaborador | T8: Identificación del cliente asociado al colaborador.
A9: correo | B9: VARCHAR | C9: 50 | D9: N/A | E9: N/A | F9: NO | G9: SI | H9: NO | I9: NO | L9: SI | M9: UQ_correo_colaborador | N9: NO | P9: SI | Q9: ASC | R9: IDX_correo_colaborador | T9: Correo electrónico del colaborador.
A10: estado_invitacion | B10: BOOLEAN | C10: N/A | D10: N/A | E10: N/A | F10: NO | G10: SI | H10: NO | I10: NO | L10: NO | N10: NO | P10: NO | R10: NO | T10: Indica si el colaborador ha aceptado la invitación para formar parte del sistema.

Sheet Negocio
A1: <-Volver al inicio
A2: =Entidades!$A$1 -> Entidad | B2: =Entidades!A6 -> Negocio
A3: =Entidades!$B$1 -> Desripción | B3: =Entidades!B6 -> Entidad que contiene la información del negocio que ha registrado el cliente en la aplicación
A4: Atributos
A5: Nombre | B5: Tipo de dato | C5: Longitud | D5: Cantidad dígitos parte entera | E5: Cantidad dígitos parte decimal (Precisión) | F5: ¿Es autoincremento? | G5: ¿Es obligatorio? | H5: ¿Es llave primeria o es parte de ella? | I5: Llave Foránea | L5: Restricciones de unicidad | N5: Restricciones de chequeo | P5: Restricciones de índice | S5: Alias | T5: Descripción del campo
I6: ¿Es llave foránea? | J6: Entidad | K6: Columna(s) | L6: ¿Posee restricción de unicidad o es parte de ella? | M6: Nombre restricción unicidad a la que pertenece | N6: ¿Posee restricción de chequeo o es parte de ella? | O6: Nombre restricción chequeo a la que pertenece | P6: ¿Posee restricción de índice o es parte de ella? | Q6: Tipo | R6: Nombre restricción índice a la que pertenece
A7: nit | B7: VARCHAR | C7: 50 | D7: N/A | E7: N/A | F7: NO | G7: SI | H7: SI | I7: NO | L7: NO | N7: NO | P7: SI | Q7: ASC | R7: IDX_negocio_nit | T7: Número de identificación tributaria del negocio.
A8: nombre | B8: VARCHAR | C8: 50 | D8: N/A | E8: N/A | F8: NO | G8: SI | H8: NO | I8: NO | L8: SI | M8: UQ_negocio_nombre | N8: NO | P8: NO | R8: NO | T8: Nombre del negocio.
A9: descripcion | B9: VARCHAR | C9: 50 | D9: N/A | E9: N/A | F9: NO | G9: NO | H9: NO | I9: NO | L9: NO | N9: NO | P9: NO | R9: NO | T9: Descripción del negocio.
A10: direccion | B10: VARCHAR | C10: 50 | D10: N/A | E10: N/A | F10: NO | G10: SI | H10: NO | I10: NO | L10: NO | N10: NO | P10: NO | R10: NO | T10: Dirección física del negocio.
A11: cliente | B11: INT | C11: N/A | D11: N/A | E11: N/A | F11: NO | G11: SI | H11: NO | I11: SI | J11: Cliente | K11: identificación | L11: NO | N11: NO | P11: NO | R11: NO | T11: Referencia al cliente asociado al negocio.

Sheet Sede
A1: <-Volver al inicio
A2: =Entidades!$A$1 -> Entidad | B2: =Entidades!A7 -> Sede
A3: =Entidades!$B$1 -> Desripción | B3: =Entidades!B7 -> Entidad que contiene la información de la o las sedes/sucursales que posee el negocio del cliente
A4: Atributos
A5: Nombre | B5: Tipo de dato | C5: Longitud | D5: Cantidad dígitos parte entera | E5: Cantidad dígitos parte decimal (Precisión) | F5: ¿Es autoincremento? | G5: ¿Es obligatorio? | H5: ¿Es llave primeria o es parte de ella? | I5: Llave Foránea | L5: Restricciones de unicidad | N5: Restricciones de chequeo | P5: Restricciones de índice | S5: Alias | T5: Descripción del campo
I6: ¿Es llave foránea? | J6: Entidad | K6: Columna(s) | L6: ¿Posee restricción de unicidad o es parte de ella? | M6: Nombre restricción unicidad a la que pertenece | N6: ¿Posee restricción de chequeo o es parte de ella? | O6: Nombre restricción chequeo a la que pertenece | P6: ¿Posee restricción de índice o es parte de ella? | Q6: Tipo | R6: Nombre restricción índice a la que pertenece
A7: codigo | B7: INT | C7: N/A | D7: N/A | E7: N/A | F7: SI | G7: SI | H7: SI | I7: NO | L7: NO | N7: NO | P7: SI | Q7: ASC | R7: IDX_sede_id | T7: Identificador único de la sede.
A8: nombre | B8: VARCHAR | C8: 50 | D8: N/A | E8: N/A | F8: NO | G8: SI | H8: NO | I8: NO | L8: SI | M8: UQ_sede_nombre | N8: NO | P8: NO | R8: NO | T8: Nombre de la sede.
A9: direccion | B9: VARCHAR | C9: 50 | D9: N/A | E9: N/A | F9: NO | G9: SI | H9: NO | I9: NO | L9: NO | N9: NO | P9: NO | R9: NO | T9: Dirección física de la sede.
A10: negocio | B10: INT | C10: N/A | D10: N/A | E10: N/A | F10: NO | G10: SI | H10: NO | I10: SI | J10: Negocio | K10: nit | L10: NO | N10: NO | P10: NO | R10: NO | T10: Referencia al negocio al que pertenece la sede.
A11: ciudad | B11: INT | C11: N/A | D11: N/A | E11: N/A | F11: NO | G11: SI | H11: NO | I11: SI | J11: Ciudad | K11: id_ciudad | L11: NO | N11: NO | P11: NO | R11: NO | T11: Referencia a la ciudad donde se encuentra la sede.

Sheet Solicitud de Cotizacion
A1: <-Volver al inicio
A2: =Entidades!$A$1 -> Entidad | B2: =Entidades!A8 -> Solicitud de Cotizacion
A3: =Entidades!$B$1 -> Desripción | B3: =Entidades!B8 -> Entidad que contiene la información del documento que diligencia el cliente solicitando la cotización de ciertos productos a los proveedores
A4: Atributos
A5: Nombre | B5: Tipo de dato | C5: Longitud | D5: Cantidad dígitos parte entera | E5: Cantidad dígitos parte decimal (Precisión) | F5: ¿Es autoincremento? | G5: ¿Es obligatorio? | H5: ¿Es llave primeria o es parte de ella? | I5: Llave Foránea | L5: Restricciones de unicidad | N5: Restricciones de chequeo | P5: Restricciones de índice | S5: Alias | T5: Descripción del campo
I6: ¿Es llave foránea? | J6: Entidad | K6: Columna(s) | L6: ¿Posee restricción de unicidad o es parte de ella? | M6: Nombre restricción unicidad a la que pertenece | N6: ¿Posee restricción de chequeo o es parte de ella? | O6: Nombre restricción chequeo a la que pertenece | P6: ¿Posee restricción de índice o es parte de ella? | Q6: Tipo | R6: Nombre restricción índice a la que pertenece
A7: codigo | B7: INT | C7: N/A | D7: N/A | E7: N/A | F7: SI | G7: SI | H7: SI | I7: NO | L7: NO | N7: NO | P7: SI | Q7: ASC | R7: IDX_solicitud_codigo | T7: Identificador único de la solicitud de cotización.
A8: fecha_creacion | B8: DATE | C8: N/A | D8: N/A | E8: N/A | F8: NO | G8: SI | H8: NO | I8: NO | L8: NO | N8: NO | P8: NO | R8: NO | T8: Fecha en la que se creó la solicitud de cotización.
A9: fecha_limite_respuesta | B9: DATE | C9: N/A | D9: N/A | E9: N/A | F9: NO | G9: SI | H9: NO | I9: NO | L9: NO | N9: NO | P9: NO | R9: NO | T9: Fecha límite para que la solicitud sea respondida.
A10: estado_solicitud | B10: VARCHAR | C10: 20 | D10: N/A | E10: N/A | F10: NO | G10: SI | H10: NO | I10: NO | L10: NO | N10: SI | O10: CHK_estado_solicitud | P10: NO | R10: NO | T10: Estado de la solicitud (ej. Pendiente, Aprobada, Rechazada).
A11: cliente | B11: INT | C11: N/A | D11: N/A | E11: N/A | F11: NO | G11: SI | H11: NO | I11: SI | J11: Cliente | K11: identificacion | L11: NO | N11: NO | P11: NO | R11: NO | T11: Referencia al cliente que realizó la solicitud.
A12: sede | B12: INT | C12: N/A | D12: N/A | E12: N/A | F12: NO | G12: SI | H12: NO | I12: SI | J12: Sede | K12: codigo | L12: NO | N12: NO | P12: NO | R12: NO | T12: Referencia a la sede donde se realizó la solicitud.

Sheet Producto
A1: <-Volver al inicio
A2: =Entidades!$A$1 -> Entidad | B2: =Entidades!A9 -> Producto
A3: =Entidades!$B$1 -> Desripción | B3: =Entidades!B9 -> Entidad que contiene la información del producto que se crea en la solicitud de cotización
A4: Atributos
A5: Nombre | B5: Tipo de dato | C5: Longitud | D5: Cantidad dígitos parte entera | E5: Cantidad dígitos parte decimal (Precisión) | F5: ¿Es autoincremento? | G5: ¿Es obligatorio? | H5: ¿Es llave primeria o es parte de ella? | I5: Llave Foránea | L5: Restricciones de unicidad | N5: Restricciones de chequeo | P5: Restricciones de índice | S5: Alias | T5: Descripción del campo
I6: ¿Es llave foránea? | J6: Entidad | K6: Columna(s) | L6: ¿Posee restricción de unicidad o es parte de ella? | M6: Nombre restricción unicidad a la que pertenece | N6: ¿Posee restricción de chequeo o es parte de ella? | O6: Nombre restricción chequeo a la que pertenece | P6: ¿Posee restricción de índice o es parte de ella? | Q6: Tipo | R6: Nombre restricción índice a la que pertenece
A7: codigo | B7: INT | C7: N/A | D7: N/A | E7: N/A | F7: SI | G7: SI | H7: SI | I7: NO | L7: NO | N7: NO | P7: SI | Q7: ASC | R7: IDX_producto_codigo | T7: Identificador único del producto.
A8: nombre | B8: VARCHAR | C8: 50 | D8: N/A | E8: N/A | F8: NO | G8: SI | H8: NO | I8: NO | L8: SI | M8: UQ_producto_nombre | N8: NO | P8: SI | Q8: ASC | R8: IDX_producto_nombre | T8: Nombre del producto.
A9: cantidad | B9: INT | C9: N/A | D9: N/A | E9: N/A | F9: NO | G9: SI | H9: NO | I9: NO | L9: NO | N9: SI | O9: CHK_producto_cantidad | P9: NO | R9: NO | T9: Cantidad de unidades del producto en la solicitud.
A10: unidad_medida | B10: VARCHAR | C10: 50 | D10: N/A | E10: N/A | F10: NO | G10: SI | H10: NO | I10: NO | L10: NO | N10: NO | P10: NO | T10: Unidad de medida para el producto (ej. kg, litros, etc.).
A11: descripcion | B11: VARCHAR | C11: 200 | D11: N/A | E11: N/A | F11: NO | G11: NO | H11: NO | I11: NO | L11: NO | N11: NO | P11: NO | T11: Descripción detallada del producto.

Sheet Cotizacion
A1: <-Volver al inicio
A2: =Entidades!$A$1 -> Entidad | B2: =Entidades!A10 -> Cotizacion
A3: =Entidades!$B$1 -> Desripción | B3: =Entidades!B10 -> Entidad que contiene la información de la respuesta que da el proveedor a la solicitud de cotización del cliente
A4: Atributos
A5: Nombre | B5: Tipo de dato | C5: Longitud | D5: Cantidad dígitos parte entera | E5: Cantidad dígitos parte decimal (Precisión) | F5: ¿Es autoincremento? | G5: ¿Es obligatorio? | H5: ¿Es llave primeria o es parte de ella? | I5: Llave Foránea | L5: Restricciones de unicidad | N5: Restricciones de chequeo | P5: Restricciones de índice | S5: Alias | T5: Descripción del campo
I6: ¿Es llave foránea? | J6: Entidad | K6: Columna(s) | L6: ¿Posee restricción de unicidad o es parte de ella? | M6: Nombre restricción unicidad a la que pertenece | N6: ¿Posee restricción de chequeo o es parte de ella? | O6: Nombre restricción chequeo a la que pertenece | P6: ¿Posee restricción de índice o es parte de ella? | Q6: Tipo | R6: Nombre restricción índice a la que pertenece
A7: codigo | B7: INT | C7: N/A | D7: N/A | E7: N/A | F7: SI | G7: SI | H7: SI | I7: NO | L7: NO | N7: NO | P7: SI | Q7: ASC | R7: IDX_cotizacion_codigo | T7: Identificador único de la cotización.
A8: fecha_emision | B8: DATE | C8: N/A | D8: N/A | E8: N/A | F8: NO | G8: SI | H8: NO | I8: NO | L8: NO | N8: NO | P8: NO | R8: NO | T8: Fecha en la que se generó la cotización.
A9: fecha_expiracion | B9: DATE | C9: N/A | D9: N/A | E9: N/A | F9: NO | G9: SI | H9: NO | I9: NO | L9: NO | N9: NO | P9: NO | R9: NO | T9: Fecha límite para que la cotización sea válida.
A10: descripcion | B10: VARCHAR | C10: 200 | D10: N/A | E10: N/A | F10: NO | G10: NO | H10: NO | I10: NO | L10: NO | N10: NO | P10: NO | T10: Descripción adicional sobre la cotización.
A11: tiempo_entrega | B11: VARCHAR | C11: 50 | D11: N/A | E11: N/A | F11: NO | G11: SI | H11: NO | I11: NO | L11: NO | N11: NO | P11: NO | T11: Tiempo estimado de entrega de los productos o servicios cotizados.
A12: solicitud | B12: INT | C12: N/A | D12: N/A | E12: N/A | F12: NO | G12: SI | H12: NO | I12: SI | J12: Solicitud_Cotizacion | K12: codigo | L12: NO | N12: NO | P12: NO | R12: NO | T12: Referencia a la solicitud de cotización asociada.
