Workbook

Sheet Modelo dominio anémico contexto

Sheet Listado Objetos de Dominio
A1: Subdominio/Contexto: | B1: Proveedor
A2: Nombre | B2: Descripción | C2: Tipo | D2: Contexto
A3: Cliente | B3: Describe al usuario que recibe las solicitudes y envía la cotización de los productos al cliente | C3: Referenciado | D3: Cliente
A4: Negocio | B4: Se refiere al negocio que ha registrado el proovedor en la aplicación | C4: Referenciado | D4: Cliente
A5: Solicitud cotización | B5: Se refiere al documento que diligencia el cliente solicitando la cotización de ciertos productos y es recibida por el proveedor para su respectiva respuesta | C5: Referenciado | D5: Cliente
A6: Cotización | B6: Se refiere a la respuesta que da el proveedor a la solicitud de cotización del cliente | C6: Propio | D6: Proveedor

Sheet Valores
A1: Tipo Objeto Dominio
A2: Tipo | B2: Descripción
A3: Propio | B3: Cuando el objeto de dominio es parte del contexto actual
A4: Referenciado | B4: Cuando el objeto de dominio es parte de otro contexto

Sheet Cliente
A1: <-Volver al inicio
A2: Objeto de Dominio: | B2: ='Listado Objetos de Dominio'!$A$3 -> Cliente
A3: Descripción: | B3: ='Listado Objetos de Dominio'!$B$3 -> Describe al usuario que recibe las solicitudes y envía la cotización de los productos al cliente
A4: Atributo | B4: Tipo de Dato | C4: Longitud mínima | D4: Longitud máxima | E4: Precisión | F4: Rango Inicial | G4: Rango Final | H4: Formato | I4: Valor por defecto | J4: Regla especial | K4: ¿Auto generado? | L4: ¿Calculado? | M4: ¿Obligatorio? | N4: ¿Sensible? | O4: ¿Identifica al registro? | P4: Descripción | Q4: =A16 -> Registrar | R4: =A17 -> Actualizar datos | S4: =A18 -> Consultar | T4: =A19 -> Eliminar
A5: Id | B5: Alfanumerico | C5: 1 | H5: Letras, números y simbolos | K5: Si | L5: No | M5: Si | O5: Si | P5: Id del cliente, el cual es único
A6: Nombre | B6: Texto | C6: 1 | D6: 50 | H6: Letras y espacios | M6: Si | P6: Nombre del cliente
A7: Apellido | B7: Texto | C7: 1 | D7: 50 | H7: Letras y espacios | M7: Si | P7: Apellido del cliente
A8: Correo | B8: Alfanumerico | C8: 1 | D8: 20 | J8: Debe contener el caracter "@" para ser valido | K8: No | L8: No | M8: Si | P8: Correo electronico del cliente
A9: Contraseña | B9: Alfanumerico | C9: 8 | D9: 12 | K9: No | L9: No | M9: Si | N9: Si | P9: Contraseña que asigna el cliente para acceder a la aplicación
A10: Ciudad | B10: Ciudad | J10: Aplica la regla de negocio establecida en el dominio de Ciudad
A11: Nombre combinación | B11: Descripción | C11: Atributos
A14: Responsabilidad | C14: Descripción | G14: Entradas | J14: Salida | O14: Políticas (Reglas de Negocio) | Q14: Excepción
G15: Parámetro | H15: Tipo de dato | I15: Descripción | J15: Tipo de Dato | K15: Descripción | O15: Política | P15: Descripción | Q15: Detalle | R15: ¿Qué hago?
A16: Registrar | C16: Servicio de negocio que permite registrar un cliente a la aplicacion
A17: Actualizar datos | C17: Servicio de negocio que permite editar/actualizar la informacion del cliente
A18: Consultar | C18: Servicio de negocio que permite consultar la información del cliente
A19: Eliminar | C19: Servicio de negocio que permite eliminar la cuenta e información del cliente
A20: Login | C20: Servicio que permite al cliente iniciar sesión
A21: Adquirir plan de suscripción | C21: Servicio que permite al cliente elegir uno de los planes de pago para acceder a todas las funciones de la aplicación
A22: Realiza solicitud de cotizacion | C22: Servicio de negocio que permite al cliente realizar una solicitud de cotizacion de diferentes productos a los proveedores
A23: Invitar colaborador | C23: Servicio de negocio que permite al cliente invitar a un usuario externo para solicitar la ayuda en la realización y análisis de las cotizaciones
A24: Aceptar cotizacion | C24: Servicio que permite al cliente realizar la confirmación y aceptación de la cotizacion enviada por el proveedor

Sheet Negocio
A1: <-Volver al inicio
A2: Objeto de Dominio: | B2: ='Listado Objetos de Dominio'!$A$4 -> Negocio
A3: Descripción: | B3: ='Listado Objetos de Dominio'!$B$4 -> Se refiere al negocio que ha registrado el proovedor en la aplicación
A4: Atributo | B4: Tipo de Dato | C4: Longitud mínima | D4: Longitud máxima | E4: Precisión | F4: Rango Inicial | G4: Rango Final | H4: Formato | I4: Valor por defecto | J4: Regla especial | K4: ¿Auto generado? | L4: ¿Calculado? | M4: ¿Obligatorio? | N4: ¿Sensible? | O4: ¿Identifica al registro? | P4: Descripción | Q4: =A17 -> Registrar | R4: =A18 -> Actualizar datos | S4: =A19 -> Consultar | T4: =A20 -> Eliminar
A5: Identificacion | B5: Alfanumerico | C5: 1 | D5: 15 | H5: Letras y numeros | K5: Si | L5: No | M5: Si | O5: Si | P5: Numero de identificación del negocio, el cual es único
A6: Nombre | B6: Texto | C6: 1 | D6: 50 | H6: Letras y espacios | M6: Si | P6: Nombre del negocio
A7: Descripcion | B7: Texto | C7: 1 | D7: 50 | H7: Letras y espacios | M7: Si | P7: Descripcion breve del negocio
A8: Direccion | B8: Alfanumerico | C8: 1 | D8: 20 | H8: Letras y espacios | K8: No | L8: No | M8: Si | P8: Direccion de ubicacion del negocio
A9: Cliente | J9: Aplican las reglas establecidad en la entidad Cliente
A11: Combinaciones únicas
A12: Nombre combinación | B12: Descripción | C12: Atributos
A15: Responsabilidad | C15: Descripción | G15: Entradas | J15: Salida | O15: Políticas (Reglas de Negocio) | Q15: Excepción
G16: Parámetro | H16: Tipo de dato | I16: Descripción | J16: Tipo de Dato | K16: Descripción | O16: Política | P16: Descripción | Q16: Detalle | R16: ¿Qué hago?
A17: Registrar | C17: Servicio de negocio que permite editar/actualizar la informacion del negocio que pertenece al cliente
A18: Actualizar datos | C18: Servicio de negocio que permite actualizar los datos del negocio de un cliente
A19: Consultar | C19: Servicio de negocio que permite consultar un negocio existente en el sistema
A20: Eliminar | C20: Servicio de negocio que permite dar de baja a un negocio existente

Sheet Solicitud cotizacion
A1: <-Volver al inicio
A2: Objeto de Dominio: | B2: ='Listado Objetos de Dominio'!$A$5 -> Solicitud cotización
A3: Descripción: | B3: ='Listado Objetos de Dominio'!$B$5 -> Se refiere al documento que diligencia el cliente solicitando la cotización de ciertos productos y es recibida por el proveedor para su respectiva respuesta
A4: Atributo | B4: Tipo de Dato | C4: Longitud mínima | D4: Longitud máxima | E4: Precisión | F4: Rango Inicial | G4: Rango Final | H4: Formato | I4: Valor por defecto | J4: Regla especial | K4: ¿Auto generado? | L4: ¿Calculado? | M4: ¿Obligatorio? | N4: ¿Sensible? | O4: ¿Identifica al registro? | P4: Descripción | Q4: =A17 -> crear | R4: =A18 -> editar | S4: =A19 -> consultar | T4: =A20 -> eliminar
A5: Codigo | B5: Alfanumerico | C5: 1 | D5: 15 | H5: Letras y numeros | K5: Si | L5: No | M5: Si | O5: Si | P5: Numero de identificación de la solicitud de cotizacion, el cual es único
A6: Fecha de creacion | B6: Alfanumerico | C6: 1 | D6: 20 | K6: No | L6: No | M6: Si | P6: Fecha de creacion de la solicitud de cotizacion
A7: Fecha limite de respuesta | B7: Cliente | C7: 1 | D7: 20 | H7: Letras y espacios | K7: No | L7: No | M7: Si | P7: Fecha limite de respuesta de la solicitud de cotizacion
A8: Estado de solicitud | B8: Texto | I8: Pendiente | P8: Estado de la solicitud de cotizacion
A9: Cliente | B9: Cliente | J9: Aplica la regla de negocio establecida en el dominio de Cliente
A10: Sede | B10: Sede | J10: Aplica la regla de negocio establecida en el dominio de Sede
A11: Producto | J11: Aplica la regla de negocio establecida en el dominio de Producto
A12: Nombre combinación | B12: Descripción | C12: Atributos
A15: Responsabilidad | C15: Descripción | G15: Entradas | J15: Salida | O15: Políticas (Reglas de Negocio) | Q15: Excepción
G16: Parámetro | H16: Tipo de dato | I16: Descripción | J16: Tipo de Dato | K16: Descripción | O16: Política | P16: Descripción | Q16: Detalle | R16: ¿Qué hago?
A17: crear | C17: Servicio de negocio que permite crear una nueva solicitud de cotización
A18: editar | C18: Servicio que permite editar la información de una solicitud existente
A19: consultar | C19: Servicio que permite consultar las solicitudes de cotizacion realizadas y sus estados
A20: eliminar | C20: servicio que permite eliminar una solicitud de cotizacion existente
A21: Publicar | C21: Servicio que permite publicar una cotización en la plataforma para ser vista por los proveedores

Sheet Cotizacion
A1: <-Volver al inicio
A2: Objeto de Dominio: | B2: ='Listado Objetos de Dominio'!$A$6 -> Cotización
A3: Descripción: | B3: ='Listado Objetos de Dominio'!$B$6 -> Se refiere a la respuesta que da el proveedor a la solicitud de cotización del cliente
A4: Atributo | B4: Tipo de Dato | C4: Longitud mínima | D4: Longitud máxima | E4: Precisión | F4: Rango Inicial | G4: Rango Final | H4: Formato | I4: Valor por defecto | J4: Regla especial | K4: ¿Auto generado? | L4: ¿Calculado? | M4: ¿Obligatorio? | N4: ¿Sensible? | O4: ¿Identifica al registro? | P4: Descripción | Q4: =A15 -> Crear cotización | R4: =A16 -> Consultar | S4: =A17 -> Editar | T4: =#REF! -> #REF!
A5: Codigo | B5: Numero entero | C5: 1 | D5: 15 | H5: Letras y numeros | K5: Si | L5: No | M5: Si | O5: Si | P5: Numero de identificación del producto, el cual es único
A6: Fecha de emision | B6: Fecha | H6: Letras y espacios | K6: No | L6: No | M6: Si | P6: Fecha en que se genera la cotizacion
A7: Fecha de expiracion | B7: Fecha | K7: No | L7: No | M7: Si | P7: Fecha limite hasta la cual la cotizacion es valida
A8: Descripcion | B8: Alfanumerico | K8: No | L8: No | M8: No | P8: Breve descripcion de la cotizacion en la que se incluye informacion sobre descuentos, metodos de pago
A9: Tiempo de entrega | B9: Fecha | P9: Fecha en que se entregarian los productos solicitados al cliente
A10: Solicitud de cotizacion | B10: Solicitud de cotizacion | J10: Aplica la regla de negocio establecida en el dominio de Solicitud de cotizacion
A13: Responsabilidad | C13: Descripción | G13: Entradas | J13: Salida | O13: Políticas (Reglas de Negocio) | Q13: Excepción
G14: Parámetro | H14: Tipo de dato | I14: Descripción | J14: Tipo de Dato | K14: Descripción | O14: Política | P14: Descripción | Q14: Detalle | R14: ¿Qué hago?
A15: Crear cotización | C15: Servicio que permite crear una cotización a partir de una solicitud de cotización
A16: Consultar | C16: Servicio que permite consultar las cotizaciones existentes
A17: Editar | C17: Servicio que permite editar una cotización existente
